name,username,Following,Followers,Posts
Cristiano Ronaldo,cristiano,533,567M,"3,416"
Leo Messi,leomessi,294,447M,980
Kylie ğŸ¤,kyliejenner,96,407M,"7,035"
Selena Gomez,selenagomez,236,400M,"1,869"
Dwayne Johnson,therock,641,384M,"7,055"
Ariana Grande,arianagrande,605,371M,"4,988"
Kim Kardashian,kimkardashian,217,363M,"5,768"
BeyonceÌ,beyonce,0,312M,"2,054"
KhloeÌ Kardashian,khloekardashian,111,317M,"4,205"
Justin Bieber,justinbieber,740,296M,"7,400"
Kendall,kendalljenner,237,291M,642
Taylor Swift,taylorswift,0,256M,563
Jennifer Lopez,jlo,"1,494",245M,220
Virat Kohli,virat.kohli,269,244M,"1,491"
Barbie,nickiminaj,671,221M,"6,451"
Kourtney Kardashian Barker,kourtneykardash,147,227M,"4,433"
NJ ğŸ‡§ğŸ‡·,neymarjr,"1,747",207M,"5,402"
Miley Cyrus,mileycyrus,317,206M,"1,202"
KATY PERRY,katyperry,754,198M,"2,104"
Zendaya,zendaya,"1,800",174M,"3,536"
Kevin Hart,kevinhart4real,971,173M,"8,480"
Demi Lovato,ddlovato,854,155M,116
Cardi B,iamcardib,"3,566",157M,"1,651"
ğŸ‘‘,kingjames,407,150M,"2,415"
badgalriri,badgalriri,"1,665",147M,"4,857"
Real Madrid C.F.,realmadrid,49,135M,"7,792"
Ellen DeGeneres,theellenshow,412,137M,10K
champagnepapi,champagnepapi,"3,002",137M,300
BROWN,chrisbrownofficial,54,138M,"7,488"
FC Barcelona,fcbarcelona,83,120M,10K
BILLIE EILISH,billieeilish,63,114M,743
Gal Gadot,gal_gadot,"1,125",98M,"1,717"
DUA LIPA,dualipa,"1,056",91M,"1,398"
LISA,lalalalisa_m,0,89M,941
Vin Diesel,vindiesel,80,89M,"1,845"
Priyanka,priyankachopra,722,88M,"3,650"
Khaby Lame,khaby00,974,82M,597
snoopdogg,snoopdogg,"6,830",82M,10K
Shakira,shakira,159,81M,"2,047"
Shraddha âœ¶,shraddhakapoor,851,80M,"1,913"
Gigi Hadid,gigihadid,"1,400",80M,"3,295"
David Beckham,davidbeckham,592,80M,"1,599"
Alia Bhatt ğŸ’›,aliaabhatt,501,77M,"1,918"
J,jennierubyjane,0,75M,940
Neha Kakkar (Mrs. Singh),nehakakkar,273,76M,"2,436"
Narendra Modi,narendramodi,0,74M,571
Shawn Mendes,shawnmendes,"1,543",74M,"2,548"
Deepika Padukone,deepikapadukone,183,75M,353
Katrina Kaif,katrinakaif,523,72M,"1,075"
Emma Watson,emmawatson,74,72M,419
Tom Holland,tomholland2013,302,70M,"1,221"
Justin Timberlake,justintimberlake,"1,077",71M,790
JISOOğŸ¤,sooyaaa__,0,69M,927
Raffi Ahmad and Nagita Slavina,raffinagita1717,"5,638",68M,"9,999"
camila,camila_cabello,"1,316",69M,"2,987"
Jacqueline Fernandez,jacquelinef143,"1,264",68M,"2,480"
ROSEÌ,roses_are_rosie,0,68M,886
Akshay Kumar,akshaykumar,6,66M,"2,007"
Anitta ğŸ¤,anitta,"3,087",66M,"5,248"
MALUMA,maluma,263,65M,"8,268"
Will Smith,willsmith,214,65M,"1,422"
BTS official,bts.bighitofficial,11,72M,"1,304"
AnushkaSharma1588,anushkasharma,540,64M,"1,209"
Urvashi Rautela,urvashirautela,84,64M,"2,271"
Karim Benzema,karimbenzema,128,66M,"2,082"
Millie Bobby Brown,milliebobbybrown,854,64M,344
Marcelo Vieira,marcelotwelve,"2,050",63M,"2,751"
Whindersson Nunes,whinderssonnunes,"1,930",60M,"2,816"
Manchester United,manchesterunited,150,63M,"9,948"
KAROL G,karolg,821,60M,"3,313"
Salman Khan,beingsalmankhan,35,59M,"1,220"
Chris Hemsworth,chrishemsworth,511,58M,934
Leonardo DiCaprio,leonardodicaprio,184,58M,"1,748"
Juventus,juventus,76,58M,"9,997"
Tata Werneck,tatawerneck,"2,534",57M,"5,742"
Sunny Leone,sunnyleone,87,57M,"4,848"
disha patani (paatni) ğŸ¦‹,dishapatani,162,58M,"2,012"
V,thv,7,58M,76
Ayu Tingting,ayutingting92,"1,385",55M,10K
Lady Gaga,ladygaga,91,55M,"3,579"
Robert Downey Jr.,robertdowneyjr,6,56M,453
J Balvin,jbalvin,"2,242",54M,10K
Paul Labile Pogba,paulpogba,179,59M,"1,340"
Kriti,kritisanon,354,54M,"2,825"
HUDA BEAUTY,hudabeauty,"1,052",54M,"2,864"
Kris Jenner,krisjenner,537,54M,"6,505"
BLÎ›Æ†KPIĞ˜K,blackpinkofficial,4,53M,"1,649"
Prilly Latuconsina,prillylatuconsina96,"2,530",52M,"6,627"
Sergio Ramos,sergioramos,"1,586",57M,"2,344"
Nusr_et#Saltbae,nusr_et,337,53M,"2,413"
James RodriÌguez,jamesrodriguez10,"1,052",52M,"1,091"
Joko Widodo,jokowi,0,51M,"3,964"
Bella ğŸ¦‹,bellahadid,832,60M,"3,293"
Adele,adele,1,53M,433
Paulo Dybala,paulodybala,708,56M,"1,322"
Hailey Rhode Baldwin Bieber,haileybieber,894,52M,"2,033"
charli,charlidamelio,352,51M,241
Michelle Obama,michelleobama,12,55M,707
ğŸ”®Vanessa HudgensğŸ”®,vanessahudgens,"1,755",50M,"4,316"
harrystyles,harrystyles,385,50M,659
Larissa Manoela,larissamanoela,"2,406",50M,"5,476"
flame,travisscott,81,50M,"3,166"
Zayn Malik,zayn,26,50M,176
Lele Pons,lelepons,"3,970",53M,"2,556"
Zlatan IbrahimoviÄ‡,iamzlatanibrahimovic,23,59M,920
Daddy Yankee,daddyyankee,146,49M,84
+A,maisa,"2,177",48M,"1,588"
Jannat Zubair Rahmani,jannatzubair29,30,47M,"1,809"
Mohamed Salah,mosalah,226,57M,874
badbunnypr,badbunnypr,1,46M,24
NICKY JAM,nickyjam,"1,569",45M,10K
Nike Football (Soccer),nikefootball,418,48M,"1,941"
Gareth Bale,garethbale11,98,51M,"1,011"
Nora Fatehi,norafatehi,459,45M,"1,824"
ğŸ› Gusttavo Lima ğŸ›,gusttavolima,540,45M,"5,093"
Cara Delevingne,caradelevingne,"2,200",45M,"3,655"
Luis SuÃ¡rez,luissuarez9,277,47M,"1,029"
Burak OÌˆzdemir,cznburak,208,48M,"1,885"
jhope,uarmyhope,7,44M,175
Ranveer Singh,ranveersingh,"1,188",44M,"1,823"
Georgina RodriÌguez,georginagio,886,45M,801
Marilia MendoncÌ§a,mariliamendoncacantora,"1,565",43M,"1,469"
Hrithik Roshan,hrithikroshan,261,46M,638
Ruben Onsu,ruben_onsu,"1,330",43M,"10,000"
Channel 8,britneyspears,49,43M,"3,226"
Ryan Reynolds,vancityreynolds,743,49M,725
Virginia Fonseca Costa,virginia,451,43M,"2,014"
SUGA of BTS ë¯¼ìœ¤ê¸°,agustd,7,43M,83
Marina Ruy Barbosa,marinaruybarbosa,"2,406",43M,"2,133"
Ed Sheeran,teddysphotos,0,43M,69
SYAHRINI,princessyahrini,765,43M,"4,584"
Wardell Curry,stephencurry30,"1,036",50M,"1,100"
Jin of BTS,jin,7,44M,100
Bruna Marquezine,brunamarquezine,"1,071",45M,"3,067"
Jennifer Aniston,jenniferaniston,649,43M,115
Natasha Wilona,natashawilona12,917,42M,"1,254"
Addison Rae,addisonraee,392,41M,353
VarunDhawan,varundvn,607,47M,"1,965"
M S Dhoni,mahi7781,4,41M,107
chrissy teigen,chrissyteigen,"1,059",42M,"5,239"
Chris Pratt,prattprattpratt,815,42M,760
Kapil Sharma,kapilsharma,915,45M,"1,079"
Sara Ali Khan,saraalikhan95,95,43M,896
Wiz Khalifa,wizkhalifa,"1,659",41M,554
Andres Iniesta,andresiniesta8,265,43M,"2,099"
ğ™¿ğšŠğš›ğš’ğš—ğšğšğšğš’ ğ™²ğš‘ğš˜ğš™ğš›ğšŠ ğŸ«§,parineetichopra,299,41M,"1,347"
Laudya Cynthia Bella,laudyacynthiabella,"3,063",39M,384
House of Highlights,houseofhighlights,"1,856",40M,11K
Wesley SafadaÌƒo,wesleysafadao,628,40M,"9,067"
Conor McGregor Official,thenotoriousmma,"1,542",48M,"3,387"
The Weeknd,theweeknd,4,50M,768
KIM LOAIZA ğŸ–¤,kimberly.loaiza,"2,792",38M,599
Blake Lively,blakelively,422,38M,121
NATTI NATASHA,nattinatasha,638,37M,91
Antoine Griezmann,antogriezmann,96,40M,915
Tiger Shroff,tigerjackieshroff,509,37M,"2,172"
Luna Maya,lunamaya,"2,117",37M,"4,189"
Cole Sprouse,colesprouse,105,38M,"1,138"
Chelsea FC,chelseafc,155,38M,10K
Gisella Anastasia,gisel_la,"4,143",38M,10K
T-Raww,tyga,"2,346",41M,37
Barack Obama,barackobama,10,37M,755
Danna Paola,dannapaola,"1,311",36M,"2,037"
Veveta,ivetesangalo,"3,419",36M,"7,787"
zidane,zidane,33,36M,395
Becky G,iambeckyg,"2,403",36M,"2,363"
Paolla Oliveira,paollaoliveirareal,"1,777",36M,"4,799"
Sonam Kapoor Ahuja,sonamkapoor,"3,461",36M,"4,869"
Anushka Sen,anushkasen0408,142,40M,"5,533"
French Montana,frenchmontana,"3,720",40M,335
Nancy Ajram,nancyajram,86,36M,"3,870"
Dan Bilzerian,danbilzerian,436,35M,"1,382"
Ğ¥Ğ°Ğ±Ğ¸Ğ± ĞÑƒÑ€Ğ¼Ğ°Ğ³Ğ¾Ğ¼ĞµĞ´Ğ¾Ğ²,khabib_nurmagomedov,538,37M,"4,625"
Toni Kroos,toni.kr8s,245,38M,979
Shahid Kapoor,shahidkapoor,252,39M,"1,199"
Sarwendah29,sarwendah29,666,35M,"5,972"
Madhuri Dixit,madhuridixitnene,89,35M,"1,544"
Guru Randhawa,gururandhawa,144,35M,"2,286"
Sachin Tendulkar,sachintendulkar,32,39M,"1,089"
Ciara,ciara,161,35M,"4,396"
Madison Beer,madisonbeer,"1,032",36M,767
Luisillo El Pillo,luisitocomunica,"1,870",34M,"2,931"
Luan Santana,luansantana,"3,256",35M,"1,031"
RICIS,riaricis1795,923,34M,470
Juliette,juliette,"1,931",33M,"1,129"
Nick Jonas,nickjonas,499,35M,"2,387"
Shay Mitchell,shaymitchell,"1,111",37M,"6,370"
Daniel Alves,danialves,"1,393",40M,"3,454"
Amitabh Bachchan,amitabhbachchan,72,33M,"1,099"
DJ KHALED,djkhaled,"5,426",34M,10K
Manchester City,mancity,304,39M,10K
Robert Lewandowski,_rl9,102,33M,"1,831"
Sabrina Sato,sabrinasato,"7,604",33M,"9,902"
Jason Statham,jasonstatham,0,33M,255
á„‹á…µá„†á…µá†«á„’á…© leeminho,actorleeminho,2,32M,294
Jessica Iskandar,inijedar,8,33M,"3,705"
Marshall Mathers,eminem,0,39M,721
Niall Horan,niallhoran,"1,021",32M,"1,348"
Lewis Hamilton,lewishamilton,11,32M,"1,324"
Eliana Michaelichen,eliana,"4,137",32M,"5,198"
Shah Rukh Khan,iamsrk,6,35M,675
Juliana Paes,julianapaes,"3,264",32M,"3,908"
Hugh Jackman,thehughjackman,26,32M,"2,812"
Ashanty Ash,ashanty_ash,907,32M,10K
LUÃSA SONZA,luisasonza,"2,976",32M,"2,599"
INDONESIAN QUEEN MAKER,ivan_gunawan,"4,117",32M,10K
Jackson Wang,jacksonwang852g7,610,32M,641
Avneet Kaur Official,avneetkaur_13,137,34M,"3,614"
Victoria Beckham,victoriabeckham,306,31M,"4,939"
JIMIN,j.m,7,50M,33
Megan Thee Stallion,theestallion,297,31M,138
AGNEZ MO,agnezmo,"2,673",31M,"3,398"
Juanpa Zurita,juanpazurita,"1,577",33M,"1,626"
marshmello,marshmello,636,31M,170
Zaskia Shinta,zaskia_gotix,855,30M,"3,162"
Rashmika Mandanna,rashmika_mandanna,277,37M,571
Olivia Rodrigo,oliviarodrigo,14,31M,204
Emily Ratajkowski,emrata,"1,018",31M,"1,219"
Ester ğŸŒ™,ester_exposito,607,29M,233
RM,rkive,7,42M,125
â€œREAL HASTA LA MUERTEâ€,anuel,214,31M,"2,204"
Lili Reinhart,lilireinhart,705,29M,950
hakki akdeniz,hakkiakdenizz,24,33M,429
Floyd Mayweather,floydmayweather,327,30M,"1,049"
Syahnaz Sadiqah,syahnazs,"1,152",30M,"2,910"
50 Cent,50cent,209,30M,"5,010"
halsey,iamhalsey,656,32M,712
á„‹á…µá„Œá…µá„€á…³á†· IU,dlwlrma,117,29M,649
Chiara Ferragni âœ¨,chiaraferragni,"1,594",29M,10K
Chelsea Olivia Wijaya,chelseaoliviaa,881,29M,"3,454"
raisa6690,raisa6690,"1,720",36M,"4,278"
isis valverde,isisvalverde,"1,619",29M,10K
Zaskia Sungkar,zaskiasungkar15,"1,198",31M,"5,522"
KEVINHO,kevinho,"1,021",29M,168
Alok Petrillo,alok,"1,307",29M,"1,799"
Sabrina Carpenter,sabrinacarpenter,616,29M,137
Johnny Depp,johnnydepp,162,29M,35
Via Vallen,viavallen,361,29M,519
Noah Schnapp,noahschnapp,"2,779",28M,195
Sofia Vergara,sofiavergara,"1,684",29M,"5,198"
Shilpa Shetty Kundra,theshilpashetty,375,28M,"3,358"
Reese Witherspoon,reesewitherspoon,996,30M,646
Riyaz Aly,riyaz.14,272,28M,"2,235"
LUDMILLA,ludmilla,535,30M,617
camila mendes,camimendes,519,28M,469
Eden Hazard,hazardeden_10,115,28M,552
Lily Collins,lilyjcollins,522,29M,"4,048"
emilia_clarke,emilia_clarke,575,28M,493
Shireen Sungkar,shireensungkar,"1,154",28M,"4,809"
TWICE,twicetagram,15,28M,"3,414"
ì°¨ì€ìš°,eunwo.o_c,6,33M,353
Bruno Mars,brunomars,50,28M,611
,,,,
KATHERINE LANGFORD,katherinelangford,953,34M,92
Mia K.,miakhalifa,"1,206",29M,"2,120"
Simaria,simaria,236,29M,212
Golden State Warriors,warriors,271,29M,10K
Davido,davido,"1,876",28M,"4,557"
Atta Halilintar - PAPATA,attahalilintar,"5,617",27M,"3,558"
Carlinhos MaiağŸŒ»,carlinhosmaiaof,992,28M,"1,610"
NFL,nfl,"2,151",27M,14K
Nina Dobrev,nina,441,27M,"4,020"
Giovanna Ewbank,gioewbank,"2,245",31M,"7,165"
Nidhhi Agerwal ğŸŒŸ,nidhhiagerwal,709,29M,"1,028"
Viih Tube,viihtube,"1,341",27M,"3,365"
Aurelie Hermansyah Atta,aurelie.hermansyah,"3,565",31M,"2,690"
Sadie Sink,sadiesink_,392,26M,97
Madelaine Petsch,madelame,433,26M,573
BELLA,bellathorne,"4,131",26M,"5,579"
mon,imouniroy,401,27M,"2,995"
Rohit Sharma,rohitsharma45,123,27M,"1,086"
Deborah Secco,dedesecco,"2,446",26M,"5,008"
Alicia Keys,aliciakeys,"2,103",26M,"1,013"
Lestikejora,lestykejora,"2,620",28M,972
FAISAL SHAIKH,mr_faisu_07,276,30M,"3,514"
Sayyed Arishfa Khan ğŸ’,arishfakhan138,39,30M,"2,101"
Zach King,zachking,241,25M,"1,074"
Liam Payne,liampayne,270,26M,"1,048"
ğ‘ğ¨ğ¡ğ¢ğ­ ğ™ğ¢ğ§ğ£ğ®ğ«ğ¤ğ ~ ğ«ğğšğœğ­ğ¢ğ¨ğ§ğ›ğ¨ğ¢ ğŸ’«,rohittt_09_,175,25M,"1,422"
Lucy Hale,lucyhale,"1,079",26M,"1,413"
Rina Nose,rinanose16,43,27M,"1,012"
dixie,dixiedamelio,"1,967",25M,93
Rodrigo Faro,rodrigofaro,"1,506",26M,"4,567"
Mesut OÌˆzil,m10_official,387,25M,"1,597"
Sonakshi Sinha,aslisona,435,26M,"1,840"
Tamer Hosny,tamerhosny,106,25M,"1,808"
loren gray,loren,542,25M,"1,796"
KARTIK AARYAN,kartikaaryan,967,29M,"2,412"
Verrell Bramasta,bramastavrl,485,26M,"1,354"
Jimmy Fallon,jimmyfallon,"1,529",25M,"1,088"
Amanda ğ•®ğ–Šğ–—ğ–“ğ–,amandacerny,625,25M,"2,561"
President Donald J. Trump,realdonaldtrump,8,24M,"6,075"
Nia Ramadhani Bakrie,ramadhaniabakrie,844,24M,"2,446"
Ice Cube,icecube,90,27M,"3,022"
iansomerhalder,iansomerhalder,757,25M,"1,241"
One Direction,onedirection,60,24M,733
Ashley Benson,ashleybenson,"1,065",25M,"2,596"
Philippe Coutinho,phil.coutinho,"1,252",26M,723
King Bach,kingbach,995,25M,"5,134"
Logan Paul,loganpaul,784,26M,"1,116"
Divyanka Tripathi Dahiya,divyankatripathidahiya,178,25M,"3,050"
EXO_CY,real__pcy,6,24M,678
ğŸŒ EarthPix ğŸŒ,earthpix,41,24M,"9,261"
Ğ“Ğ£Ğ¡Ğ•Ğ˜Ì†Ğ Ğ“ĞĞ¡ĞĞĞĞ’,gusein.gasanov,145,25M,393
One Direction,onedirection,60,24M,733
Angel Rai :),angelrai07,94,28M,"1,888"
Sandra Dewi,sandradewi88,568,24M,"6,565"
Luka Modric,lukamodric10,518,28M,679
á„‡á…¡á†¨á„‰á…¥á„Œá…®á†«,bn_sj2013,64,24M,308
Victoria Justice,victoriajustice,338,24M,"2,836"
UÌrsula CorberoÌ âœ¨,ursulolita,798,23M,354
Claudia Leitte,claudialeitte,"2,985",25M,"5,709"
postmalone,postmalone,"1,130",24M,"1,093"
Ronaldo,ronaldo,"2,128",27M,"1,380"
Olga Buzova,buzova86,153,25M,10K
JD PANTOJA ğŸ‡²ğŸ‡½,juandediospantoja,"3,201",24M,991
SEHUN,oohsehun,0,24M,833
Rakul Singh,rakulpreet,422,24M,"1,871"
QuavoHuncho,quavohuncho,606,24M,"4,392"
ozutochi,ozuna,45,23M,69
Najwa Shihab,najwashihab,844,23M,"4,416"
Burak OÌˆzcÌ§ivit,burakozcivit,261,24M,445
alexandra daddario,alexandradaddario,725,23M,"1,921"
LA ROSALIÌA,rosalia.vt,"2,096",24M,994
Kajal A Kitchlu,kajalaggarwalofficial,608,25M,"2,005"
Gianluca Vacchi,gianlucavacchi,484,24M,"3,308"
Rafa Kalimann,rafakalimann,"3,415",23M,"1,628"
Samantha,samantharuthprabhuoffl,511,25M,"1,329"
Hoyeon,hoooooyeony,636,23M,"1,036"
James Charles,jamescharles,325,23M,"1,139"
AÌngel Di MariÌa,angeldimariajm,406,24M,"1,269"
Meek Mill,meekmill,"4,742",24M,306
FÃ¡bio de Melo,pefabiodemelo,650,26M,"6,365"
Anne Hathaway,annehathaway,98,27M,716
Myriam Fares,myriamfares,1,24M,"3,590"
Alfinetadas Dos Famosos ğŸ“Œ,alfinetei,503,23M,"6,387"
shreyaghoshal,shreyaghoshal,652,27M,"2,020"
ì´ì¢…ì„,jongsuk0206,0,25M,454
KIARA,kiaraaliaadvani,554,27M,"1,442"
Salma Hayek Pinault,salmahayek,466,23M,"2,097"
PewDiePie,pewdiepie,79,23M,765
Arsenal,arsenal,205,25M,10K
BaekHyun.,baekhyunee_exo,51,22M,2
Wonderful Places,wonderful_places,39,23M,"7,883"
Sincero Oficial,sincerooficial,185,23M,10K
Irish Bella,_irishbella_,328,23M,"1,123"
Fernanda Souza,fernandasouzaoficial,"1,943",22M,"6,150"
Greeicy,greeicy,"1,675",22M,"4,638"
Bruno Gagliasso,brunogagliasso,"4,486",22M,"6,183"
Ananya ğŸ’›ğŸ’«,ananyapanday,"1,541",25M,"1,060"
á„€á…¯á†«á„Œá…µá„‹á…­á†¼(æ¬Šå¿—é¾),xxxibgdrgn,2,22M,"2,699"
Jason Derulo,jasonderulo,13,25M,698
Jessica Mila Agnesia,jscmila,"1,881",23M,"1,976"
Netflix Brasil,netflixbrasil,566,35M,"4,502"
JADE ğŸŒª,jadepicon,781,23M,"2,753"
Jake Paul,jakepaul,237,23M,"1,241"
Felicya Angelista,felicyangelista_,642,23M,"3,214"
Everson Silva (TirÃº),tirullipa,"1,486",31M,10K
Taylor Hill,taylor_hill,508,23M,"2,404"
CARMEN VILLALOBOS,cvillaloboss,996,22M,"2,094"
Simone e Simaria,simoneesimaria,"2,236",23M,"7,177"
Gading Marten,gadiiing,"4,039",24M,10K
Arnold Schwarzenegger,schwarzenegger,184,24M,"1,040"
KIRK,dababy,12,22M,181
Russell Westbrook,russwest44,"2,100",22M,7
Finn Wolfhard,finnwolfhardofficial,923,27M,"1,135"
Paris Hilton,parishilton,"7,700",22M,10K
MrBeast,mrbeast,492,23M,182
Kobe Bryant,kobebryant,372,22M,424
Gabrielle Union-Wade,gabunion,"2,166",22M,"4,433"
Ruby Rose,rubyrose,462,22M,416
DR. SHAQUILLE O'NEAL Ed.D.,shaq,"1,917",29M,"3,671"
Alyssa Soebandono,ichasoebandono,494,22M,"1,968"
OFFSET,offsetyrn,855,22M,50
Oprah,oprah,4,23M,"1,296"
All and everything,cleo,"2,426",21M,"3,533"
Zaskia Adya Mecca,zaskiadyamecca,"1,002",22M,"6,655"
Mohamed Ramadan,mohamedramadanws,437,21M,"3,251"
Los Angeles Lakers,lakers,84,22M,"9,997"
Bunda Maia Mussry The Queen,maiaestiantyreal,"1,042",21M,"3,556"
Joelle Mardinian,joellemardinian,"4,594",21M,10K
Hardik Himanshu Pandya,hardikpandya93,369,25M,"1,502"
,,,,
irina shayk,irinashayk,427,22M,"1,351"
Mark Ruffalo,markruffalo,604,21M,"1,416"
Raphael Varane,raphaelvarane,213,21M,"1,119"
Megan Fox,meganfox,0,21M,154
LUCAS RANGEL,lucasranngel,"1,641",21M,"5,069"
Luciano Huck,lucianohuck,"1,383",21M,"3,452"
ChloÃ« Grace Moretz,chloegmoretz,"3,993",23M,"2,666"
Siew Pui Yi ğŸ¤,ms_puiyi,377,21M,777
Gisele BuÌˆndchen,gisele,202,21M,809
David Luiz,davidluiz23,"2,366",24M,"2,410"
Thalia,thalia,"5,089",21M,10K
MAKE OUT HILL,xxxtentacion,43,22M,2
Hilary Duff,hilaryduff,"1,746",25M,"2,889"
Doja Cat,dojacat,261,26M,117
Amber Rose,amberrose,"1,507",24M,158
Isco Alarcon Suarez,iscoalarcon,647,28M,522
Erling Braut Haaland,erling.haaland,282,23M,370
Peyton List,peytonlist,"1,216",21M,355
Caio Castro,caiocastro,596,21M,"2,081"
Coldplay,coldplay,60,21M,"2,408"
taraji p henson,tarajiphenson,"1,500",21M,"5,781"
Jessica Alba,jessicaalba,"7,496",21M,"4,683"
Mark Wahlberg,markwahlberg,253,21M,"1,929"
Demi ğŸŒ¹,demirose,147,21M,526
Yasmine Sabri,yasmine_sabri,97,21M,"1,085"
JuÌlio Cocielo Estaniecki,cocielo,"1,965",21M,"1,956"
Oki Setiana Dewi,okisetianadewi,"1,420",20M,"6,666"
Suresh Raina,sureshraina3,824,23M,"2,743"
Jair M. Bolsonaro,jairmessiasbolsonaro,598,26M,"6,704"
AB de Villiers,abdevilliers17,227,21M,656
Gerard PiqueÌ,3gerardpique,364,22M,442
ZeÌ,zefelipecantor,761,26M,"1,082"
Rafael Vitti,rafaavitti,"2,370",21M,"2,998"
Henry Cavill,henrycavill,153,24M,540
dwyanewade,dwyanewade,"1,868",20M,"2,655"
Romeo Santos,romeosantos,0,20M,46
IRFAN HAKIM,irfanhakim75,"2,514",20M,"8,930"
ĞšÑĞµĞ½Ğ¸Ñ Ğ‘Ğ¾Ñ€Ğ¾Ğ´Ğ¸Ğ½Ğ°,borodylia,370,21M,10K
Pooja Hegde,hegdepooja,141,23M,"1,498"
A S H L E Y G R A H A M,ashleygraham,666,20M,"3,626"
Stray Kids,realstraykids,6,24M,"3,737"
postmalone,postmalone,"1,130",24M,"1,093"
Jaden Smith,c.syresmith,146,21M,"1,750"
Taapsee Pannu,taapsee,342,21M,"2,742"
David Michigan âš¡ï¸,davidmichigan,"3,154",23M,191
Bunga Citra Lestari,bclsinclair,"1,155",23M,"5,238"
Raditya Dika,raditya_dika,513,21M,"5,615"
Joey King,joeyking,624,19M,457
Flavia Pavanelli,flaviapavanelli,"1,241",20M,"3,185"
Mari Maria,marimaria,"1,129",21M,"3,308"
KJ Apa,kjapa,561,19M,26
Neha Rajput,neha_rajput___143,125,19M,"2,893"
13,timatiofficial,326,20M,"4,326"
lilbaby,lilbaby,"1,018",22M,136
Elissa,elissazkh,338,20M,"5,070"
Camila Queiroz,camilaqueiroz,"1,132",21M,"1,994"
Marcos Mion,marcosmion,"3,081",20M,"6,697"
Emma Roberts,emmaroberts,"3,389",20M,"1,570"
Eugenio Derbez,ederbez,488,19M,"1,476"
Lisa and Lena | GermanyÂ®,lisaandlena,708,20M,"2,337"
Hina Khan,realhinakhan,300,20M,"2,259"
Madonna,madonna,514,19M,"5,508"
Anne Curtis,annecurtissmith,"1,231",19M,"4,518"
LOVE,diddy,"1,883",20M,36
Barbara Palvin,realbarbarapalvin,325,19M,"1,922"
Iran Ferreira,luvadepedreiro,334,21M,27
Noah,ncentineo,217,17M,14
avani,avani,"1,062",19M,999
Hyun Ah,hyunah_aa,156,19M,"5,669"
Bretman (Da Baddest) Rock,bretmanrock,328,19M,"1,793"
Sidharth Malhotra,sidmalhotra,201,23M,"1,150"
Auron,auronplay,343,19M,802
LaTripleT,tinistoessel,974,21M,"2,919"
â€Mustafa Hosny Ù…ØµØ·ÙÙ‰ Ø­Ø³Ù†ÙŠâ€,mustafahosnyofficial,12,20M,10K
AÌlvaro Morata,alvaromorata,"2,073",20M,"1,376"
Louis Tomlinson,louist91,281,19M,466
ĞĞĞ¡Ğ¢Ğ¯ Ğ˜Ğ’Ğ›Ğ•Ğ•Ğ’Ğ,_agentgirl_,516,19M,"1,114"
Lexa,lexa,"1,384",19M,"7,990"
á„‰á…®á†½á„‹á…µ ğŸ’„ğŸ’…ğŸ‘¡ğŸ‘ ğŸ€ğŸ‘™ğŸŒ‚ğŸ‘—ğŸŒ‚ğŸ€ğŸ’‹ğŸ’Œ,skuukzky,282,19M,"1,470"
TaeYeon,taeyeon_ss,48,19M,"1,107"
Sou Eu Na Vida,soueunavida,"2,846",19M,"5,018"
President Joe Biden,potus,5,21M,"1,890"
á„‚á…¡á†·á„Œá…®á„’á…§á†¨,skawngur,0,19M,625
Luisa Fernanda W,luisafernandaw,"4,139",19M,"5,547"
TimotheÌe Chalamet,tchalamet,2,19M,102
John Cena,johncena,0,19M,"3,185"
Lucas Lucco,lucaslucco,"4,254",18M,"3,904"
Inul Daratista,inul.d,"2,081",18M,10K
hailee steinfeld,haileesteinfeld,286,21M,"1,538"
Vijay Deverakonda,thedeverakonda,0,18M,335
Vice President Kamala Harris,vp,4,18M,703
Joe Biden,joebiden,107,19M,"1,841"
ussy sulistiawaty,ussypratama,"1,209",20M,"8,562"
Baim Wong,baimwong,"2,546",18M,"4,176"
Liza Soberano,lizasoberano,519,18M,733
Antonela Roccuzzo,antonelaroccuzzo,772,32M,702
Radio Javan,radiojavan,314,19M,"9,997"
StreetArtGlobe â„¢ ğŸ˜±,streetartglobe,240,17M,"7,232"
davikah,davikah,607,18M,10K
Jorge e Mateus,jorgeemateus,32,19M,"6,410"
Anna Kendrick,annakendrick47,166,24M,989
CHOQUEI,choquei,283,19M,"10,000"
Ricky Martin,ricky_martin,"1,827",18M,"2,074"
Otabek Umarov,otabek_muhammadalievich,13,22M,333
Jeremy Renner,jeremyrenner,291,19M,"1,430"
Iker Casillas,ikercasillas,"1,490",20M,"2,402"
Channing Tatum,channingtatum,"2,336",17M,170
Juliana Salimeni ğŸ’–,jujusalimeni,"1,065",19M,"9,777"
alghazalikoÌˆhler,alghazali7,"1,116",19M,"1,498"
nissa_sabyan,nissa_sabyan,"1,015",19M,436
Pevita Pearce,pevpearce,515,18M,"1,386"
ğ“¨ğ’–ğ’šğ’‚,yuyacst,829,17M,797
KakaÌ,kaka,590,21M,"1,462"
Enrique Iglesias,enriqueiglesias,47,18M,381
Ğ’Ğ¾Ğ»Ğ¾Ğ´Ğ¸Ğ¼Ğ¸Ñ€ Ğ—ĞµĞ»ĞµĞ½ÑÑŒĞºĞ¸Ğ¹,zelenskiy_official,180,18M,"3,390"
Yami Gautam Dhar,yamigautam,13,18M,"1,258"
Maudy Ayunda,maudyayunda,"1,049",18M,"2,211"
BamBam,bambam1a,2,18M,488
Iggy Azalea,thenewclassic,104,18M,117
Debby Ryan,debbyryan,885,17M,"2,710"
Ahmed Helmy,ahmedhelmy,278,17M,982
Charlie Puth,charlieputh,257,18M,180
Malaika Arora,malaikaaroraofficial,621,18M,"3,426"
Chance The Rapper,chancetherapper,"2,798",18M,"2,617"
Odell Beckham Jr,obj,"1,407",18M,203
Lana Rhoades,lanarhoades,473,17M,48
Cita Rahayu,cita_citata,690,17M,"3,263"
Tessa Brooks,tessabrooks,603,20M,873
Kathryn Bernardo ğŸ˜,bernardokath,"1,566",18M,"2,338"
NikkieTutorials,nikkietutorials,492,18M,"2,909"
Evaluna Montaner de Echeverry,evaluna,"2,042",22M,"1,587"
OR,ollaramlan,919,21M,"2,066"
FUCKJERRY,fuckjerry,"1,131",17M,"2,973"
Funny Memes,epicfunnypage,892,16M,10K
Blac Chyna ğŸ’‹,blacchyna,348,17M,279
Future PLUTO Hendrix,future,0,24M,4
Gucci Mane,laflare1017,3,17M,754
IZA,iza,"2,610",17M,"2,629"
Lil Pump,lilpump,75,15M,99
Sofia Carson,sofiacarson,"1,898",21M,"1,957"
bright,bbrightvc,"1,039",17M,"1,364"
Bhabie,bhadbhabie,24,17M,66
HÃ©lÃ ,kyrieirving,779,19M,342
Mahe Man,mahnaz_afshar,388,18M,855
TainaÌ Costa,taina,"2,028",17M,980
Felipe Neto ğŸ¦‰,felipeneto,563,18M,"4,140"
Lil Wayne,liltunechi,3,17M,273
ecards,sarcasm_only,1,17M,10K
Yasmin Abdelaziz,yasminabdelaziz_,37,17M,831
Aliando Syarief,aliandooo,527,18M,"1,188"
Ronda Rousey,rondarousey,"1,759",17M,"3,527"
BADABUN,badabun,193,17M,10K
Little Mix,littlemix,227,17M,"4,099"
â€DORRA Ø¯Ø±Ø©.â€,dorra_zarrouk,"1,029",17M,"3,255"
emma chamberlain,emmachamberlain,44,17M,533
Biggest Boss Rick Ross,richforever,381,18M,947
RITA ORA,ritaora,"1,096",17M,445
Drew Barrymore,drewbarrymore,"2,125",17M,"2,693"
ENNIK SOMI,somsomi0309,15,17M,483
Citra Kirana,citraciki,928,17M,"2,850"
Emilio,emiliovmartinez,242,17M,399
Salice Rose,salicerose,854,17M,"4,511"
Perrie Edwards ğŸ–¤,perrieedwards,359,17M,"1,270"
Dr Tiwa Savage âš”ï¸,tiwasavage,"1,471",17M,257
Tammy ğŸš,tammyhembrow,619,17M,"3,537"
Leonardo,leonardo,151,18M,"2,321"
Hannah El-Zahed,hannahelzahed,984,19M,"1,154"
CÌ§agÌ†rÄ± Taner,cagritaner,20,17M,10K
ğ‘¨ğ’‹ğ’†ğ’š ğ‘µğ’‚ğ’ˆğ’‚ğ’“,carryminati,98,17M,500
Luara Fonseca,luara,"5,990",16M,"4,117"
Lil Uzi Vert,liluzivert,25,18M,52
paulogustavo31,paulogustavo31,"1,189",16M,"7,320"
BZRP,bizarrap,328,16M,278
â€Ø§Ù”Ø­Ù…Ø¯ Ø§Ù„Ø´Ù‚ÙŠØ±ÙŠâ€,ahmadalshugairi,4,16M,863
Kamala Harris,kamalaharris,124,17M,"3,603"
Gabriel Jesus,dejesusoficial,763,21M,"1,257"
Falcao,falcao,"1,594",17M,"1,337"
Michele Morrone,iammichelemorroneofficial,138,16M,723
Vinicius Jr. âš¡ï¸ğŸ‡§ğŸ‡·,vinijr,"1,044",29M,482
Andressa Suita,andressasuita,"1,833",16M,"3,454"
Martin Garrix,martingarrix,"2,499",16M,"3,333"
Janhvi Kapoor,janhvikapoor,750,22M,800
Riteish Deshmukh,riteishd,74,19M,"1,676"
Funke Akindele Bello,funkejenifaakindele,"2,663",16M,"1,610"
Daniella ChaÌvez,daniellachavezofficial,312,18M,544
Yuvraj Singh,yuvisofficial,487,17M,"1,062"
Ileana D'Cruz,ileana_official,92,17M,"1,352"
Ayushmann Khurrana,ayushmannk,994,18M,"1,238"
Beli,belindapop,234,16M,236
Darshan Raval #TumMere,darshanravaldz,137,16M,"3,940"
Wayne Rooney,waynerooney,464,16M,"1,200"
Vanessa Bryant ğŸ¦‹,vanessabryant,547,16M,"3,454"
SIMBA..!ğŸ¦,diamondplatnumz,"1,356",16M,"8,663"
Nadine Nassib Njeim,nadine.nassib.njeim,222,16M,"1,920"
POCAH,pocah,"2,019",16M,475
F I L M Y G Y A N,filmygyan,265,17M,"5,368"
Iis Dahlia,isdadahlia,792,17M,"4,966"
BIGSEAN,bigsean,872,17M,213
Manu Gavassi,manugavassi,"2,188",16M,873
Samoylova Oxana,samoylovaoxana,80,17M,"4,153"
Caleb McLaughlin,therealcalebmclaughlin,840,16M,63
Inanna,inanna,923,17M,"1,309"
amandamanopo,amandamanopo,1,16M,67
Manelyk Gonzalez,manelyk_oficial,"1,023",16M,"1,257"
Adriana Lima,adrianalima,712,16M,"1,728"
GKAY,gessicakayane,864,21M,"2,897"
Dinda Hauw,dindahw,"1,419",16M,326
kristen bell,kristenanniebell,956,16M,"1,524"
Fazza,faz3,180,16M,"2,457"
Michelle Lewin,michelle_lewin,317,16M,"1,687"
Chris Evans,chrisevans,229,19M,90
Bhuvan Bam,bhuvan.bam22,243,16M,"1,509"
Thais Fersoza,tatafersoza,739,15M,"4,517"
O GIGANTE,leosantana,"1,486",18M,"1,379"
Sophia ValverdeÂ®,sophiavalverde,"1,013",15M,"5,802"
ĞŸĞ°Ğ²ĞµĞ» Ğ’Ğ¾Ğ»Ñ | Pavel Volya,pavelvolyaofficial,163,16M,"2,917"
Joe Rogan,joerogan,"4,054",17M,"6,672"
ITZY,itzy.all.in.us,0,19M,"3,021"
ì´ë™ìš± (Official_Instagram),leedongwook_official,0,16M,846
kenzie â™¡,kenzie,"2,921",15M,112
Neha Sharma ğŸ’«,nehasharmaofficial,583,16M,"1,434"
Anton Tregubov,caviarmagnat,73,16M,123
Shruti Haasan,shrutzhaasan,"2,559",23M,"2,451"
Josh Peck,shuapeck,880,16M,"1,747"
Yanet Garcia ğŸ‡²ğŸ‡½,iamyanetgarcia,933,15M,"2,538"
Sonu Sood,sonu_sood,202,22M,"1,877"
Ashley Tisdale,ashleytisdale,951,16M,"3,378"
A$AP ROCKY,asaprocky,530,16M,9
Sly Stallone,officialslystallone,183,16M,"1,893"
Sanchez Alexis,alexis_officia1,231,16M,796
SAM SMITH,samsmith,"2,311",15M,655
KAROL SEVILLA,karolsevillaofc,826,16M,"2,371"
Garima Chaurasia ğŸ’™,gima_ashi,293,15M,"2,514"
Franciny Ehlke,francinyehlke,592,16M,"1,318"
S O P H I E T U R N E R,sophiet,"1,083",15M,448
Rosie HW,rosiehw,"2,619",18M,"3,723"
Ridwan Kamil,ridwankamil,"4,690",20M,"8,053"
GIL DO VIGOR,gildovigor,"3,474",15M,523
Ğ•Ğ³Ğ¾Ñ€ ĞšÑ€Ğ¸Ğ´ | #HeartBreakKid,egorkreed,187,15M,105
Adam Weitsman,adamweitsman,"1,413",21M,279
Melly Goeslaw,melly_goeslaw,"1,616",15M,"6,212"
ĞœĞ¸Ñ…Ğ°Ğ¸Ğ» Ğ›Ğ¸Ñ‚Ğ²Ğ¸Ğ½,mikhail_litvin,101,15M,515
Donia Samir Ghanem,donia.samir.ghanem,"4,054",15M,"1,472"
Salshabilla adriani,salshabillaadr,"2,016",15M,"1,729"
Memphis Depay,memphisdepay,"1,084",17M,"1,875"
FEDEZ,fedez,"2,554",15M,"4,163"
Amr Diab,amrdiab,17,17M,"1,207"
Jimmy Neutch- Shumpert,teyanataylor,"1,330",17M,"4,334"
Rossa,itsrossa910,"1,438",17M,"6,559"
N'Golo KantÃ©,nglkante,64,15M,164
Valentino Rossi,valeyellow46,470,15M,"1,407"
Pepe,official_pepe,271,15M,531
JÒ‰OÒ‰TÒ‰IÒ‰NÒ‰HÒ‰AÒ‰,joaoguilherme,"1,861",17M,"2,480"
Ahlam Alshamsi,ahlamalshamsi,811,15M,"8,025"
ì§€ì°½ìš±,jichangwook,1,23M,736
Kelly Rowland,kellyrowland,"1,764",15M,"1,463"
Dmitriy Shelengovskiy,shelengovskiy,21,15M,11
El chaval,jaimelorentelo,"2,024",14M,529
Audi Marissa Xie,audimarissa,859,15M,"1,438"
"Nicole ""Snooki"" ğŸ’‹",snooki,975,17M,"7,095"
Serena Williams,serenawilliams,156,17M,"2,043"
Ye,kanyewest,"7,539",19M,6
Demet OÌˆzdemir,demetozdemir,"1,075",16M,931
Vicky Kaushal,vickykaushal09,396,15M,"1,411"
Bastian Schweinsteiger,bastianschweinsteiger,91,15M,"1,426"
Kenia Os,keniaos,"1,010",15M,479
Radwa El Sherbiny,radwaelsherbiny,79,15M,"1,172"
Prince Royce,princeroyce,100,15M,"1,998"
Balqees,balqeesfathi,655,15M,"4,795"
Win Metawin O.,winmetawin,742,15M,682
elliegoulding,elliegoulding,"1,104",15M,676
Arjun Kapoor,arjunkapoor,"2,151",15M,"2,396"
Lay Zhang,layzhang,171,15M,376
Viviane Araujo,araujovivianne,"4,197",15M,"6,611"
Angelique Boyer,angeliqueboyer,"5,753",15M,"1,277"
Elizabeth Gillies,lizgillz,921,15M,"2,365"
Syifa Hadju,syifahadjureal,"1,937",16M,316
TIP,troubleman31,"4,980",15M,"6,816"
"Nacho ""Miguelito"" Mendoza",nacho,650,15M,127
KeÌfera Buchmann,kefera,791,17M,"2,702"
Lorena Improta,loreimprota,"3,600",14M,"7,396"
sunny aurra,aurakasih,"1,043",15M,"2,396"
Gabriella Saraivah,gabriellasaraivah,"4,003",14M,"5,081"
Pia Wurtzbach,piawurtzbach,"1,890",14M,"5,014"
ë°•ì‹ í˜œ/Shin Hye Park,ssinz7,0,14M,"1,255"
ARONğŸŒœğŸŒ,aron.piper,"2,358",14M,87
Angelina Jolie,angelinajolie,7,14M,62
Soimah Pancawati,showimah,467,16M,"4,233"
Hadise,hadise,1,15M,903
Paulo londra,paulolondra,295,14M,529
Miranda,mirandakerr,"7,599",14M,"3,035"
Violet Summers,violets.tv,300,14M,"1,133"
Dr Naomi Campbell,naomi,"3,501",15M,133
JheneÌ Aiko Efuru Chilombo ğŸ”®,jheneaiko,297,17M,"2,454"
LOBODA,lobodaofficial,978,16M,"6,903"
KAI,zkdlin,0,15M,451
maddie,maddieziegler,"1,491",14M,"1,946"
Liam Hemsworth,liamhemsworth,307,13M,205
brooklynpeltzbeckham,brooklynpeltzbeckham,362,15M,455
Henrique e Juliano,henriqueejuliano,53,16M,"2,769"
BRIANDA ğŸ’–,briandadeyanara,983,14M,416
Iqbaal Ramadhan,iqbaal.e,"1,186",14M,328
Irwansyah,irwansyah_15,536,16M,"3,577"
Acun IlÄ±calÄ±,acunilicali,207,14M,580
Jeffree Star,jeffreestar,46,15M,"6,149"
Adam Levine,adamlevine,622,16M,665
Joanna Stevens Gaines,joannagaines,899,14M,"2,560"
BIANCA,bianca,"2,377",19M,"7,062"
PoW,dukeandduchessofcambridge,0,0,1
Neslihan AtaguÌˆl DogÌ†ulu,neslihanatagul,832,14M,596
Karan Johar,karanjohar,814,15M,"2,262"
Kehlani,kehlani,"1,536",15M,321
Gaten Matarazzo,gatenm123,"1,334",19M,940
Wanda nara,wanda_nara,"1,299",16M,"6,626"
Bella Poarch,bellapoarch,725,14M,340
Meghan Trainor,meghantrainor,"4,482",16M,"1,462"
â€Ù‡ÙŠÙØ§Ø¡ Ø­Ø³ÙˆÙ†ÙŠ Haifa Hassonyâ€,haifa_hassony,213,16M,908
ITS DON JAZZY AGAIN ğŸ˜,donjazzy,"7,814",15M,"3,890"
Andrea Brillantes,blythe,"2,698",14M,"4,051"
GERMAN,germangarmendia,345,16M,551
Immanuel Caesar Hito,hitocaesar,747,14M,"1,621"
Ğ”Ğ°Ğ²Ğ° â“‚ï¸ Ğ’ÑĞµÌˆ Ğ±ÑƒĞ´ĞµÑ‚ Ñ…Ğ¾Ñ€Ğ¾ÑˆĞ¾ğŸ§¸,dava_m,272,15M,453
NCT 127 Official Instagram,nct127,15,15M,"3,718"
â€Ù†ÙˆØ± Ø³ØªØ§Ø±Ø² | Noor Starsâ€,noorstars,"3,010",14M,860
Tottenham Hotspur,spursofficial,173,15M,10K
Angelica,angelicaksy,972,16M,"5,403"
treysongz,treysongz,"3,021",15M,"2,519"
Arthur Aguiar,arthuraguiar,701,14M,"2,256"
Ludacris,ludacris,730,14M,"10,000"
Joy,_imyour_joy,18,15M,"1,039"
ğ’ğğ ğğ… ğ€ ğğ‡ğ€ğ‘ğ€ğğ‡,pharrell,908,15M,74
â€Ø§Ù„Ø§Ø¡ Ø­Ø³ÙŠÙ† Alaa Husseinâ€,actress_alaa_hussein,757,15M,708
SM Entertainment Group,smtown,142,15M,"4,490"
Vivi Wanderley ğŸ’šğŸ§¸ğŸ®,vivi,"1,647",15M,"2,115"
â€Ø§Ù”Ø®Ø¨Ø§Ø± Ø§Ù„Ø³Ø¹ÙˆØ¯ÙŠØ©â€,saudinews50,4,14M,"10,000"
Memes | Diy | Comedy | 5minute,tutorialsgallery,114,14M,"4,950"
á„‹á…µá„‰á…¥á†¼á„€á…§á†¼,heybiblee,3,15M,"1,216"
Sushant Singh Rajput,sushantsinghrajput,"6,616",14M,87
Tati Zaqui ğŸ‘½,tatizaqui,"1,913",14M,482
Ashish Chanchlani,ashishchanchlani,949,15M,"1,611"
Catriona Gray,catriona_gray,"1,298",14M,"2,762"
Giovanna Antonelli,giovannaantonelli,"1,250",19M,"5,152"
yoona__lim,yoona__lim,8,15M,692
Bruno Goes ğŸ­,nobru,603,14M,125
Migos,migos,24,14M,"3,478"
NCT Official Instagram,nct,25,15M,"2,710"
Kartika Putri,kartikaputriworld,"1,144",17M,931
The Game,losangelesconfidential,"1,380",14M,72
WISIN,wisin,979,14M,10K
Cesc FÃ bregas,cescf4bregas,565,15M,"1,070"
tiffany young,tiffanyyoungofficial,11,14M,186
á„€á…µá†·á„‰á…®á„’á…§á†« Kim Soo Hyun é‡‘ç§€è³¢,soohyun_k216,10,14M,345
ĞœĞ¸Ñ…Ğ°Ğ¸Ğ» Ğ“Ğ°Ğ»ÑƒÑÑ‚ÑĞ½ Galustyan,m_galustyan,43,14M,"1,343"
Fahriye Evcen OÌˆzcÌ§ivit,evcenf,258,14M,822
Mike Tyson,miketyson,313,21M,"1,253"
R O B E R T O F I R M I N O,roberto_firmino,900,15M,"1,108"
Vera Brezhneva,ververa,547,14M,"2,082"
Motivational & Relatable,advice,27,14M,"9,997"
,,,,
DILJIT DOSANJH,diljitdosanjh,11,15M,392
Casemiro,casemiro,679,20M,"1,080"
Mark Tuan,marktuan,56,14M,84
á„‰á…©á†¼á„€á…¡á†¼,songkang_b,0,15M,163
Tom Brady,tombrady,511,14M,803
Jessi / á„Œá…¦á„‰á…µ,jessicah_o,317,13M,794
Jordi Alba,jordialbaoficial,746,16M,"1,013"
Manuel Turizo - MTZ,manuelturizo,"1,409",13M,"1,109"
J O E J O N A S,joejonas,378,13M,"4,344"
Troian Bellisario,sleepinthegardn,"2,765",17M,"4,444"
TOMORROW X TOGETHER OFFICIAL,txt_bighit,2,14M,760
Ivan Martinez Perez,ivanmartinez,288,20M,81
Nash Grier,nashgrier,694,14M,"1,504"
AC Milan,acmilan,137,13M,10K
Lizzo,lizzobeeating,266,13M,"2,865"
555,trippieredd,81,15M,9
Ini Edo,iniedo,699,14M,"2,180"
Song hyekyo,kyo1122,188,14M,210
Gaby Espino,gabyespino,"5,097",13M,"7,415"
Marco Asensio,marcoasensio10,261,15M,900
Richard Ayodeji Makun (AY),aycomedian,"6,523",13M,10K
Kajol Devgan,kajol,12,14M,814
Marco Reus,marcinho11,232,13M,418
Muhammad Rizky Billar,rizkybillar,865,13M,478
Harry Kane,harrykane,220,14M,"1,170"
á´…á´€É´Éª Ê€á´œssá´,danirussotv,820,14M,"1,811"
Portugal,portugal,334,13M,"5,232"
Tyler â€œNinjaâ€ Blevins,ninja,313,13M,"1,463"
Lilly Singh,lilly,"1,735",13M,"5,082"
Ricky Harun,rickyharun,"2,194",17M,"1,932"
nicki.nicole,nicki.nicole,678,14M,272
KAYLA ITSINES,kayla_itsines,909,16M,"7,981"
Didier Drogba,didierdrogba,"1,871",13M,"1,313"
Titi Kamal,titi_kamall,"1,240",15M,"5,631"
ZeÌ Neto e Cristiano,zenetoecristiano,"1,462",14M,"5,630"
RODğŸ¥´,elrodrigocontreras,858,13M,169
Jennifer Winget,jenniferwinget1,556,15M,"1,006"
Grisha Eric,grisha_eric,47,12M,10
Remo Dsouza,remodsouza,218,13M,"3,179"
Paul Walker,paulwalker,20,16M,561
Paul Wesley,paulwesley,"1,133",13M,278
á„’á…ªá†¼á„‹á…µá†«á„‹á…§á†¸,hi_high_hiy,6,16M,142
Najwa Karam,najwakaram,64,14M,"1,880"
Keerthy Suresh,keerthysureshofficial,"1,069",15M,858
á„€á…µá†·á„‰á…©á„’á…§á†«,wow_kimsohyun,"6,772",13M,593
Chelsea Elizabeth Islan,chelseaislan,"4,987",15M,"1,025"
ACREDITE ğŸ§¡,joaogomescantor,"4,196",14M,244
Sophie Dee,sophiedee,"1,793",13M,471
AK ğŸ¤,anastasiya_kvitko,302,13M,"1,070"
Ayeza Khan,ayezakhan.ak,356,13M,629
Natasha Graziano,natashagraziano,"3,242",15M,678
Alex Gonzaga-Morada,cathygonzaga,113,13M,"2,277"
HEIR JORDYN,jordynwoods,491,13M,"3,401"
Jacob Elordi,jacobelordi,18,13M,49
â€Noha Nabil Ù†Ù‡Ù‰ Ù†Ø¨ÙŠÙ„â€,nohastyleicon,"2,455",13M,"8,314"
WASTED,wasted,185,12M,"2,446"
Humans of New York,humansofny,345,13M,"5,624"
KL RahulğŸ‘‘,klrahul,332,14M,895
Awez Darbar,awez_darbar,277,30M,"2,658"
KSI,ksi,578,13M,273
Cameron Boyce,thecameronboyce,249,13M,804
Aline Campos,soualinecampos,"3,362",13M,"8,915"
Ãlvaro Morte,alvaromorte,639,12M,539
Allen Iverson,theofficialai3,357,13M,"1,139"
Regina Daniels,regina.daniels,519,13M,"1,427"
Jay Shetty,jayshetty,"3,965",13M,"7,575"
Stan Lee,therealstanlee,346,13M,"1,053"
Shakti Mohan,mohanshakti,510,18M,"2,077"
Juice WRLD 9 9 9,juicewrld999,403,13M,173
ğ”¸ ğ•€ ğ•Š ğ•ƒ ğ•€ â„• â„• ğ•• ğ•– ğ•£ ğ•“ ğ•– ğ•«,aislinnderbez,"3,361",12M,"1,469"
Esha Gupta,egupta,"1,004",15M,400
Melanie Martinez,littlebodybigheart,263,13M,136
ğ“ğğ‡ğˆ,tohi,173,13M,864
Heba Magdi,heba_magdi,644,13M,"1,490"
Manuel Neuer,manuelneuer,227,13M,515
Gabriela Martins,gabimartins,"1,270",14M,"1,790"
Urassaya Sperbund,urassayas,605,13M,"3,760"
Ayten Amer,aytenamer,920,13M,"2,133"
easymoneysniper,easymoneysniper,"2,885",14M,32
Pabllo Vittar,pabllovittar,"1,646",13M,"3,226"
"Tyler, The Creator",feliciathegoat,232,14M,500
Chase Hudson,huddy,474,12M,94
Juanpa Zurita 2,juanpa,"2,682",13M,"2,890"
Jennifer Garner,jennifer.garner,"1,470",14M,"1,257"
Wild video,wild.video,700,12M,"3,653"
Ayudewi7984,mrsayudewi,"1,040",14M,"5,622"
BLUE BOY WA KISHUA,millardayo,"1,433",12M,10K
Nego do Borel ğŸ¼ğŸ¤ ğŸ‡§ğŸ‡·,negodoborel,"3,696",14M,"5,222"
"HONOR,LEALTAD Y RESPETO.",arcangel,483,15M,430
Carrie Underwood,carrieunderwood,286,13M,"2,154"
Mr P,peterpsquare,"7,821",13M,"7,868"
Anjali Arora,anjimaxuofficially,124,13M,"2,208"
Kim Shantal ğŸŒ¹,kimshantal,"1,784",12M,626
Glenn Alinskie,glennalinskie,771,14M,"4,670"
Nita Shilimkar,nita_shilimkar,212,13M,"2,236"
Amy Jackson,iamamyjackson,713,13M,435
Ramez Galal,ramezgalalac,198,12M,"1,168"
Courteney Cox,courteneycoxofficial,644,13M,379
ìŠ¬ê¸° Seulgi,hi_sseulgi,18,13M,656
ARIGAMEPLAYS,arigameplays,"1,692",12M,759
Tom Felton,t22felton,"1,873",12M,"1,865"
Xuxa,xuxameneghel,175,13M,"4,486"
Marian Rivera Gracia Dantes,marianrivera,"2,118",13M,"3,144"
Marc ter Stegen,mterstegen1,325,14M,766
Alissa Violet,alissaviolet,630,13M,873
Fujianti Utami Putri,fuji_an,"1,234",12M,451
â€Ø¹Ù„ÙŠ Ø¹Ø°Ø§Ø¨ - Ali Athabâ€,ali_athab9,631,12M,"2,283"
Cleveland Cavaliers,cavs,266,15M,10K
Ana Maria,anamaria16,4,129,1
FaZe Clan,fazeclan,187,12M,"5,719"
Burna Boy,burnaboygram,1,14M,"1,322"
Saul Alvarez,canelo,193,15M,"1,581"
Adam Sandler,adamsandler,45,15M,470
Michel TeloÌ,micheltelo,403,12M,"3,564"
Vanessa Lopes,vanessalopesr_,"1,808",14M,"2,167"
karrueche â„¢,karrueche,"1,314",14M,201
Deive Leonardo,deiveleonardo,"1,216",13M,"2,377"
Fifth Harmony,fifthharmony,"1,135",12M,"1,602"
MONT,mont.pantoja,"2,779",13M,14
SZA,sza,"1,132",15M,326
TAEHYUNG (ê¹€íƒœí˜•) Updates,taehyung.bighitentertainment,16,10M,91
Austin Mahone,austinmahone,213,12M,299
B E R O N A,rizkyfbian,"1,354",14M,177
Antonio Brown,ab,8,14M,584
Jada Pinkett Smith,jadapinkettsmith,188,12M,596
troye sivan,troyesivan,"1,113",14M,"1,618"
Mohamed Hamaki,hamaki,67,12M,985
Dude Perfect,dudeperfect,489,12M,"3,482"
MariÌa Pedraza,mariapedraza_,"1,002",12M,"2,598"
DAVID DOBRIK,daviddobrik,404,12M,491
GAVI,pablogavi,720,13M,96
Giovanna Chaves,giovannachaves,"1,756",12M,"2,654"
Equipe de France de Football,equipedefrance,168,14M,"6,018"
JoJo Siwa,itsjojosiwa,678,12M,"5,796"
Bipasha Basu,bipashabasu,326,13M,"4,185"
21savage,21savage,721,16M,"1,325"
Alessandra Ambrosio,alessandraambrosio,"1,552",12M,"7,095"
å°å®®å¸Œç¾ ğŸ¤,nadine,637,12M,635
Michelle Obama (archived),michelleobama44,13,12M,975
YARA,yara,87,12M,"4,898"
Marc Anthony,marcanthony,627,13M,"2,536"
Alex - that girl with the Cars,supercarblondie,581,12M,"1,718"
Cabronazi,cabronazi,208,12M,10K
Amanda Lee,amandaeliselee,187,12M,301
Goar Avetisyan,goar_avetisyan,389,12M,10K
Lea Elui G,leaelui,347,12M,784
Viking Barbieâš”,viking.barbie,319,12M,487
MaluÌ ğ“‚€,malutrevejo,834,12M,130
Tamannaah Bhatia,tamannaahspeaks,858,20M,"1,851"
Mariah Carey,mariahcarey,299,12M,"2,701"
FREE JEFFERY,lildurk,237,15M,14
ĞĞ°ÑÑ‚Ğ°ÑÑŒÑ Ğ¡Ğ°Ğ¼Ğ±ÑƒÑ€ÑĞºĞÑ,samburskaya,401,12M,"3,060"
Ya Supiste,duki,346,12M,57
Red Velvet Official,redvelvet.smtown,6,12M,"3,306"
ARMAAN MALIK ğŸ§¿,armaanmalik,657,14M,812
JoJo,jojotodynho,"5,844",25M,"2,563"
baifernbah,baifernbah,492,12M,"4,559"
Adnaan Shaikh,adnaan_07dz,464,12M,"4,272"
Chadwick Boseman,chadwickboseman,192,12M,396
â€Mohamed Emam â€¢ Ù…Ø­Ù…Ø¯ Ø§Ù•Ù…Ø§Ù…â€,mohamedemam,62,12M,"1,059"
Rebel Wilson,rebelwilson,288,12M,"1,270"
amyschumer,amyschumer,"3,241",13M,"3,229"
Celso Portiolli,celsoportiolli,"1,910",13M,"5,857"
Tom Hiddleston,twhiddleston,116,11M,50
FARGOâ€™S CRAZY LIFE,torylanez,327,12M,667
Shehnaaz Gill,shehnaazgill,19,14M,"1,350"
Kendrick Lamar,kendricklamar,2,13M,4
BIG WIZğŸ¦…,wizkidayo,14,17M,38
Alba Flores,albafloresoficial,998,11M,391
Gina Indelicada,ginaindelicada,"1,758",12M,"9,301"
Julia Barretto,juliabarretto,232,12M,"1,913"
WAKE UP AND MAKEUP,wakeupandmakeup,234,12M,10K
Lizbeth Rodriguez,lizbethrodriguezoficial,"7,542",12M,886
Rasheedadabosschick,rasheeda,"1,006",13M,"3,398"
Nesreen Tafesh,nesreentafesh,"1,879",12M,"3,283"
Kanika Kapoor,kanik4kapoor,"1,033",14M,"2,839"
FÃ¡tima Bernardes,fatimabernardes,932,13M,"3,437"
Mai Omar,maiomar_,"1,226",13M,"1,151"
TiaMowry,tiamowry,107,12M,"5,453"
anya geraldine,anyageraldine,934,12M,"2,428"
LALI,lalioficial,"2,731",12M,"6,784"
Banksy,banksy,0,12M,130
â€Ø¯ÙƒØªÙˆØ±Ø© Ø®Ù„ÙˆØ¯ğŸ’™ğŸ’‰ğŸ¥‡â€,dr_kholodiii,20,12M,"2,215"
Z.TAOğŸ”´é»„å­éŸ¬,hztttao,15,12M,706
David Alaba,davidalaba,90,12M,539
Antonia â€œToyaâ€ Johnson- Rushing,toyajohnson,"2,070",12M,10K
Araya Alberta Hargate,chomismaterialgirl,"1,078",11M,10K
Francia James,francety,695,12M,587
World Health Organization,who,111,13M,"3,195"
Ingrid Ohara,oharaingrid,606,12M,"1,357"
Maite Perroni Beorlegui,maiteperroni,"2,098",12M,393
Chris Paul,cp3,"1,072",12M,"1,067"
LUCAS,lucas_xx444,15,12M,150
Kutthroat Bill,kodakblack,105,13M,108
"Deddy Corbuzier, Ph.D",mastercorbuzier,"1,105",12M,"5,746"
Murat Boz,muratboz,432,12M,"1,115"
TAEYANG,__youngbae__,3,15M,2
â€Ø¹Ø¨Ø¯Ø§Ù„ÙƒØ±ÙŠÙ… Ø§Ù„Ù‡Ù†Ø¯Ø§Ù„ Ø§Ù„Ù‡Ø§Ø´Ù…ÙŠ - Ù…Ø¬Ù„Ø© ÙˆØ¶Ø­Ø©â€,qk20,330,13M,"6,721"
Nof,nof.ad,149,12M,156
MERCY AIGBE ADEOTI,realmercyaigbe,"5,957",12M,"9,371"
lanacondor,lanacondor,886,11M,918
William Levy / Actor Producer,willevy,18,11M,813
ğ—Ÿğ˜‚ğ—¶ğ˜€ ğ—™ğ—¼ğ—»ğ˜€ğ—¶,luisfonsi,589,13M,"5,268"
Zarithebosslady,zarithebosslady,46,11M,"1,460"
FLÃVIA ALESSANDRA,flaviaalessandra,"1,501",12M,"1,772"
Simi,symplysimi,"1,921",12M,217
EBI,ebi,85,11M,"2,238"
Heart Evangelista,iamhearte,"3,220",11M,10K
Laci Kay Somers,lacikaysomers,193,13M,163
David De Gea,d_degeaofficial,258,15M,635
Melissa McCarthy,melissamccarthy,212,12M,326
Thomas MuÌˆller,esmuellert,583,12M,"1,609"
KR â™› KEVIN ROLDAN,kevinroldankr,90,11M,"1,857"
Ana Hickmann,ahickmann,"1,731",15M,10K
Sebas Villalobos,sebas,"1,774",11M,"1,224"
Giannis Ugo Antetokounmpo,giannis_an34,175,15M,933
Markiplier,markiplier,84,11M,"1,092"
Jessica Biel,jessicabiel,272,13M,846
Rezende #ADR,rezende,967,11M,"1,650"
JARED LETO,jaredleto,4,11M,"3,649"
â€Shimaa Qasim - Ø´ÙŠÙ…Ø§Ø¡ Ù‚Ø§Ø³Ù…ğŸ¦‹â€,shimaa_qasim,205,12M,"1,127"
Yash,thenameisyash,2,13M,155
Manu Rios,manurios,480,11M,122
Frenkie de Jong,frenkiedejong,322,11M,386
Maiara e Maraisa,maiaraemaraisa,"2,419",13M,"5,702"
Sasha Pieterse Sheaffer,sashapieterse,"1,033",17M,"1,714"
â™¡ ğ–“ğ–Šğ–“ğ–† á´›Ê€á´€á´á´˜á´€,cazzu,271,11M,334
TaiÌs Araujo,taisdeverdade,"4,107",13M,"4,821"
Maria Becerra,mariabecerra,795,11M,507
MEL MAIA ğŸ¯,melissamelmaia,"2,434",17M,"3,070"
Bebe Rexha,beberexha,"1,777",11M,"1,344"
BigHit Music Updates,bighit_ent,18,13M,"3,598"
Emirhan OÌˆzhan,emirhanozhan,110,12M,59
BIG BOSS ğŸ”‘ğŸ”‘,keke,"2,760",12M,"4,202"
Gracyanne Barbosa ğŸ…¾ï¸ -,graoficial,970,11M,10K
Haifa Wehbe,haifawehbe,31,11M,"2,313"
The Royal Family,theroyalfamily,49,13M,"4,093"
Melody,melodyoficial3,"3,059",12M,879
Anwar Jibawi,anwar,"1,167",12M,"1,171"
Carles Puyol,carles5puyol,418,12M,870
Tracee Ellis Ross,traceeellisross,568,12M,"2,066"
Nour Arida,nouraridaofficial,630,11M,"3,454"
Maya Hawke,maya_hawke,912,11M,556
Sahil Khan,sahilkhan,354,12M,"4,157"
Zareen Khan ğŸ¦„ğŸŒˆâœ¨ğŸ‘¼ğŸ»,zareenkhan,338,14M,"1,350"
ğ•®ğ–ğ–“ğ–™ğ–ğ–ğ–† âœ,cinthiacruz_,"1,810",15M,"7,772"
,,,,
Jacob Sartorius,jacobsartorius,"1,795",12M,285
CauaÌƒ Reymond,cauareymond,"2,965",14M,"3,191"
â€â€¢ Ø³ÙŠØ±ÙŠÙ† Ø¹Ø¨Ø¯ Ø§Ù„Ù†ÙˆØ± â€¢â€,cyrineanour,164,14M,"1,599"
Jaehyun,_jeongjaehyun,0,14M,88
Patrice Evra,patrice.evra,232,12M,"1,299"
Nikki Bella,thenikkibella,844,11M,"7,458"
Monica ğŸ–¤,monicadenise,865,13M,167
Dulquer Salmaan,dqsalmaan,776,12M,626
Christian Figueiredo,christian_fig,"1,028",11M,"1,892"
Josefina Loisa Andalio,iamandalioloisa,880,11M,587
,,,,
Certified Young Fiery Lass,willowsmith,253,11M,"1,806"
Lojain Omran,lojain_omran,789,11M,"6,816"