,username
0,@cristiano
1,@leomessi
2,@kyliejenner
3,@selenagomez
4,@therock
5,@arianagrande
6,@kimkardashian
7,@beyonce
8,@khloekardashian
9,@justinbieber
10,@kendalljenner
11,@taylorswift
12,@jlo
13,@virat.kohli
14,@kourtneykardash
15,@nickiminaj
16,@neymarjr
17,@mileycyrus
18,@katyperry
19,@zendaya
20,@kevinhart4real
21,@iamcardib
22,@ddlovato
23,@kingjames
24,@badgalriri
25,@realmadrid
26,@theellenshow
27,@champagnepapi
28,@chrisbrownofficial
29,@fcbarcelona
30,@billieeilish
31,@gal_gadot
32,@dualipa
33,@lalalalisa_m
34,@vindiesel
35,@priyankachopra
36,@khaby00
37,@snoopdogg
38,@shakira
39,@shraddhakapoor
40,@gigihadid
41,@davidbeckham
42,@aliaabhatt
43,@nehakakkar
44,@jennierubyjane
45,@narendramodi
46,@shawnmendes
47,@bts.bighitofficial
48,@deepikapadukone
49,@katrinakaif
50,@emmawatson
51,@tomholland2013
52,@justintimberlake
53,@sooyaaa__
54,@raffinagita1717
55,@camila_cabello
56,@jacquelinef143
57,@roses_are_rosie
58,@akshaykumar
59,@anitta
60,@maluma
61,@willsmith
62,@anushkasharma
63,@urvashirautela
64,@karimbenzema
65,@milliebobbybrown
66,@marcelotwelve
67,@whinderssonnunes
68,@manchesterunited
69,@karolg
70,@bellahadid
71,@beingsalmankhan
72,@chrishemsworth
73,@leonardodicaprio
74,@juventus
75,@tatawerneck
76,@sunnyleone
77,@thv
78,@dishapatani
79,@ayutingting92
80,@ladygaga
81,@robertdowneyjr
82,@jbalvin
83,@paulpogba
84,@kritisanon
85,@hudabeauty
86,@krisjenner
87,@prillylatuconsina96
88,@blackpinkofficial
89,@sergioramos
90,@nusr_et
91,@jamesrodriguez10
92,@jokowi
93,@adele
94,@paulodybala
95,@haileybieber
96,@charlidamelio
97,@michelleobama
98,@vanessahudgens
99,@harrystyles
100,@larissamanoela
101,@travisscott
102,@zayn
103,@lelepons
104,@iamzlatanibrahimovic
105,@daddyyankee
106,@maisa
107,@jannatzubair29
108,@mosalah
109,@badbunnypr
110,@nickyjam
111,@nikefootball
112,@garethbale11
113,@norafatehi
114,@gusttavolima
115,@caradelevingne
116,@luissuarez9
117,@jin
118,@uarmyhope
119,@cznburak
120,@ranveersingh
121,@georginagio
122,@mariliamendoncacantora
123,@agustd
124,@hrithikroshan
125,@ruben_onsu
126,@britneyspears
127,@teddysphotos
128,@virginia
129,@vancityreynolds
130,@marinaruybarbosa
131,@princessyahrini
132,@stephencurry30
133,@brunamarquezine
134,@jenniferaniston
135,@natashawilona12
136,@addisonraee
137,@varundvn
138,@mahi7781
139,@chrissyteigen
140,@prattprattpratt
141,@kapilsharma
142,@saraalikhan95
143,@wizkhalifa
144,@andresiniesta8
145,@parineetichopra
146,@laudyacynthiabella
147,@houseofhighlights
148,@gisel_la
149,@wesleysafadao
150,@thenotoriousmma
151,@theweeknd
152,@kimberly.loaiza
153,@blakelively
154,@nattinatasha
155,@antogriezmann
156,@tigerjackieshroff
157,@lunamaya
158,@colesprouse
159,@chelseafc
160,@barackobama
161,@tyga
162,@dannapaola
163,@frenchmontana
164,@ivetesangalo
165,@zidane
166,@iambeckyg
167,@paollaoliveirareal
168,@sonamkapoor
169,@anushkasen0408
170,@nancyajram
171,@danbilzerian
172,@khabib_nurmagomedov
173,@toni.kr8s
174,@shahidkapoor
175,@sarwendah29
176,@madhuridixitnene
177,@gururandhawa
178,@sachintendulkar
179,@ciara
180,@luisitocomunica
181,@madisonbeer
182,@luansantana
183,@riaricis1795
184,@juliette
185,@nickjonas
186,@shaymitchell
187,@danialves
188,@amitabhbachchan
189,@djkhaled
190,@mancity
191,@_rl9
192,@sabrinasato
193,@jasonstatham
194,@actorleeminho
195,@inijedar
196,@niallhoran
197,@eminem
198,@lewishamilton
199,@eliana
200,@iamsrk
201,@julianapaes
202,@thehughjackman
203,@ashanty_ash
204,@luisasonza
205,@ivan_gunawan
206,@jacksonwang852g7
207,@avneetkaur_13
208,@victoriabeckham
209,@j.m
210,@theestallion
211,@agnezmo
212,@juanpazurita
213,@marshmello
214,@zaskia_gotix
215,@rashmika_mandanna
216,@oliviarodrigo
217,@emrata
218,@ester_exposito
219,@rkive
220,@anuel
221,@lilireinhart
222,@hakkiakdenizz
223,@floydmayweather
224,@syahnazs
225,@50cent
226,@iamhalsey
227,@dlwlrma
228,@chiaraferragni
229,@chelseaoliviaa
230,@raisa6690
231,@isisvalverde
232,@zaskiasungkar15
233,@kevinho
234,@alok
235,@sabrinacarpenter
236,@johnnydepp
237,@viavallen
238,@noahschnapp
239,@sofiavergara
240,@theshilpashetty
241,@reesewitherspoon
242,@riyaz.14
243,@hazardeden_10
244,@ludmilla
245,@camimendes
246,@lilyjcollins
247,@emilia_clarke
248,@shireensungkar
249,@twicetagram
250,@eunwo.o_c
251,@brunomars
252,@mirella
253,@katherinelangford
254,@attahalilintar
255,@miakhalifa
256,@davido
257,@simaria
258,@warriors
259,@carlinhosmaiaof
260,@nfl
261,@nina
262,@gioewbank
263,@viihtube
264,@nidhhiagerwal
265,@aurelie.hermansyah
266,@sadiesink_
267,@madelame
268,@bellathorne
269,@imouniroy
270,@rohitsharma45
271,@dedesecco
272,@aliciakeys
273,@lestykejora
274,@mr_faisu_07
275,@arishfakhan138
276,@zachking
277,@liampayne
278,@rohittt_09_
279,@lucyhale
280,@rinanose16
281,@dixiedamelio
282,@rodrigofaro
283,@m10_official
284,@aslisona
285,@tamerhosny
286,@loren
287,@kartikaaryan
288,@bramastavrl
289,@jimmyfallon
290,@amandacerny
291,@realdonaldtrump
292,@ramadhaniabakrie
293,@icecube
294,@iansomerhalder
295,@onedirection
296,@ashleybenson
297,@phil.coutinho
298,@kingbach
299,@loganpaul
300,@divyankatripathidahiya
301,@gusein.gasanov
302,@real__pcy
303,@earthpix
304,@angelrai07
305,@sandradewi88
306,@bn_sj2013
307,@lukamodric10
308,@victoriajustice
309,@ursulolita
310,@claudialeitte
311,@postmalone
312,@ronaldo
313,@buzova86
314,@juandediospantoja
315,@oohsehun
316,@rakulpreet
317,@quavohuncho
318,@ozuna
319,@najwashihab
320,@burakozcivit
321,@alexandradaddario
322,@myriamfares
323,@rosalia.vt
324,@kajalaggarwalofficial
325,@gianlucavacchi
326,@rafakalimann
327,@samantharuthprabhuoffl
328,@jamescharles
329,@angeldimariajm
330,@hoooooyeony
331,@meekmill
332,@pefabiodemelo
333,@annehathaway
334,@alfinetei
335,@shreyaghoshal
336,@jongsuk0206
337,@kiaraaliaadvani
338,@salmahayek
339,@pewdiepie
340,@arsenal
341,@baekhyunee_exo
342,@wonderful_places
343,@sincerooficial
344,@_irishbella_
345,@fernandasouzaoficial
346,@greeicy
347,@brunogagliasso
348,@ananyapanday
349,@xxxibgdrgn
350,@jasonderulo
351,@jscmila
352,@netflixbrasil
353,@jadepicon
354,@jakepaul
355,@felicyangelista_
356,@tirullipa
357,@taylor_hill
358,@cvillaloboss
359,@simoneesimaria
360,@gadiiing
361,@schwarzenegger
362,@dababy
363,@russwest44
364,@finnwolfhardofficial
365,@parishilton
366,@mrbeast
367,@kobebryant
368,@gabunion
369,@rubyrose
370,@shaq
371,@domelipa
372,@ichasoebandono
373,@offsetyrn
374,@oprah
375,@cleo
376,@caiocastro
377,@zaskiadyamecca
378,@mohamedramadanws
379,@lakers
380,@irinashayk
381,@joellemardinian
382,@maiaestiantyreal
383,@hardikpandya93
384,@markruffalo
385,@raphaelvarane
386,@meganfox
387,@lucasranngel
388,@lucianohuck
389,@chloegmoretz
390,@gisele
391,@ms_puiyi
392,@davidluiz23
393,@thalia
394,@xxxtentacion
395,@hilaryduff
396,@dojacat
397,@amberrose
398,@iscoalarcon
399,@erling.haaland
400,@peytonlist
401,@coldplay
402,@tarajiphenson
403,@jessicaalba
404,@markwahlberg
405,@demirose
406,@yasmine_sabri
407,@cocielo
408,@okisetianadewi
409,@sureshraina3
410,@jairmessiasbolsonaro
411,@abdevilliers17
412,@3gerardpique
413,@borodylia
414,@zefelipecantor
415,@rafaavitti
416,@henrycavill
417,@dwyanewade
418,@romeosantos
419,@irfanhakim75
420,@hegdepooja
421,@ashleygraham
422,@realstraykids
423,@c.syresmith
424,@taapsee
425,@davidmichigan
426,@bclsinclair
427,@raditya_dika
428,@joeyking
429,@flaviapavanelli
430,@marimaria
431,@kjapa
432,@elissazkh
433,@timatiofficial
434,@neha_rajput___143
435,@lilbaby
436,@camilaqueiroz
437,@lisaandlena
438,@marcosmion
439,@emmaroberts
440,@ederbez
441,@realhinakhan
442,@madonna
443,@annecurtissmith
444,@diddy
445,@realbarbarapalvin
446,@luvadepedreiro
447,@ncentineo
448,@hyunah_aa
449,@bretmanrock
450,@avani
451,@sidmalhotra
452,@auronplay
453,@tinistoessel
454,@mustafahosnyofficial
455,@alvaromorata
456,@louist91
457,@_agentgirl_
458,@lexa
459,@skuukzky
460,@taeyeon_ss
461,@soueunavida
462,@potus
463,@skawngur
464,@luisafernandaw
465,@tchalamet
466,@johncena
467,@lucaslucco
468,@inul.d
469,@haileesteinfeld
470,@thedeverakonda
471,@vp
472,@joebiden
473,@ussypratama
474,@baimwong
475,@lizasoberano
476,@antonelaroccuzzo
477,@radiojavan
478,@streetartglobe
479,@davikah
480,@jorgeemateus
481,@annakendrick47
482,@choquei
483,@ricky_martin
484,@otabek_muhammadalievich
485,@jeremyrenner
486,@ikercasillas
487,@channingtatum
488,@jujusalimeni
489,@alghazali7
490,@nissa_sabyan
491,@bambam1a
492,@pevpearce
493,@yuyacst
494,@kaka
495,@enriqueiglesias
496,@zelenskiy_official
497,@yamigautam
498,@maudyayunda
499,@thenewclassic
500,@debbyryan
501,@ahmedhelmy
502,@charlieputh
503,@malaikaaroraofficial
504,@chancetherapper
505,@obj
506,@lanarhoades
507,@cita_citata
508,@tessabrooks
509,@bernardokath
510,@nikkietutorials
511,@evaluna
512,@ollaramlan
513,@fuckjerry
514,@epicfunnypage
515,@blacchyna
516,@future
517,@laflare1017
518,@iza
519,@lilpump
520,@sofiacarson
521,@bbrightvc
522,@bhadbhabie
523,@kyrieirving
524,@mahnaz_afshar
525,@taina
526,@felipeneto
527,@liltunechi
528,@sarcasm_only
529,@yasminabdelaziz_
530,@aliandooo
531,@badabun
532,@rondarousey
533,@salicerose
534,@littlemix
535,@dorra_zarrouk
536,@emmachamberlain
537,@richforever
538,@ritaora
539,@drewbarrymore
540,@somsomi0309
541,@citraciki
542,@emiliovmartinez
543,@joerogan
544,@tiwasavage
545,@perrieedwards
546,@tammyhembrow
547,@leonardo
548,@ahmadalshugairi
549,@hannahelzahed
550,@cagritaner
551,@carryminati
552,@luara
553,@liluzivert
554,@paulogustavo31
555,@bizarrap
556,@kamalaharris
557,@dejesusoficial
558,@falcao
559,@iammichelemorroneofficial
560,@vinijr
561,@andressasuita
562,@martingarrix
563,@janhvikapoor
564,@riteishd
565,@funkejenifaakindele
566,@daniellachavezofficial
567,@yuvisofficial
568,@ileana_official
569,@ayushmannk
570,@belindapop
571,@darshanravaldz
572,@waynerooney
573,@vanessabryant
574,@diamondplatnumz
575,@nadine.nassib.njeim
576,@pocah
577,@filmygyan
578,@isdadahlia
579,@bigsean
580,@manugavassi
581,@samoylovaoxana
582,@therealcalebmclaughlin
583,@inanna
584,@amandamanopo
585,@manelyk_oficial
586,@adrianalima
587,@gessicakayane
588,@dindahw
589,@kristenanniebell
590,@faz3
591,@michelle_lewin
592,@chrisevans
593,@bhuvan.bam22
594,@tatafersoza
595,@leosantana
596,@sophiavalverde
597,@pavelvolyaofficial
598,@itzy.all.in.us
599,@leedongwook_official
600,@kenzie
601,@nehasharmaofficial
602,@caviarmagnat
603,@shrutzhaasan
604,@shuapeck
605,@iamyanetgarcia
606,@sonu_sood
607,@ashleytisdale
608,@asaprocky
609,@officialslystallone
610,@alexis_officia1
611,@samsmith
612,@karolsevillaofc
613,@gima_ashi
614,@francinyehlke
615,@sophiet
616,@cinthiacruz_
617,@rosiehw
618,@ridwankamil
619,@gildovigor
620,@egorkreed
621,@adamweitsman
622,@melly_goeslaw
623,@mikhail_litvin
624,@donia.samir.ghanem
625,@salshabillaadr
626,@ahlamalshamsi
627,@memphisdepay
628,@fedez
629,@amrdiab
630,@teyanataylor
631,@itsrossa910
632,@nglkante
633,@valeyellow46
634,@official_pepe
635,@joaoguilherme
636,@jichangwook
637,@kellyrowland
638,@radwaelsherbiny
639,@shelengovskiy
640,@jaimelorentelo
641,@audimarissa
642,@snooki
643,@serenawilliams
644,@kanyewest
645,@demetozdemir
646,@vickykaushal09
647,@pharrell
648,@bastianschweinsteiger
649,@keniaos
650,@winmetawin
651,@princeroyce
652,@balqeesfathi
653,@elliegoulding
654,@arjunkapoor
655,@layzhang
656,@araujovivianne
657,@angeliqueboyer
658,@lizgillz
659,@syifahadjureal
660,@troubleman31
661,@nacho
662,@kefera
663,@loreimprota
664,@aurakasih
665,@gabriellasaraivah
666,@piawurtzbach
667,@tatizaqui
668,@ssinz7
669,@aron.piper
670,@angelinajolie
671,@showimah
672,@hadise
673,@paulolondra
674,@mirandakerr
675,@violets.tv
676,@naomi
677,@jheneaiko
678,@lobodaofficial
679,@zkdlin
680,@maddieziegler
681,@liamhemsworth
682,@brooklynpeltzbeckham
683,@henriqueejuliano
684,@briandadeyanara
685,@iqbaal.e
686,@irwansyah_15
687,@acunilicali
688,@joannagaines
689,@neslihanatagul
690,@jeffreestar
691,@adamlevine
692,@bianca
693,@karanjohar
694,@kehlani
695,@gatenm123
696,@wanda_nara
697,@bellapoarch
698,@meghantrainor
699,@noorstars
700,@haifa_hassony
701,@donjazzy
702,@blythe
703,@germangarmendia
704,@hitocaesar
705,@dava_m
706,@nct127
707,@spursofficial
708,@angelicaksy
709,@treysongz
710,@arthuraguiar
711,@ludacris
712,@_imyour_joy
713,@actress_alaa_hussein
714,@smtown
715,@saudinews50
716,@vivi
717,@tutorialsgallery
718,@heybiblee
719,@sushantsinghrajput
720,@ashishchanchlani
721,@catriona_gray
722,@giovannaantonelli
723,@yoona__lim
724,@nobru
725,@migos
726,@nct
727,@kartikaputriworld
728,@evcenf
729,@losangelesconfidential
730,@wisin
731,@cescf4bregas
732,@tiffanyyoungofficial
733,@soohyun_k216
734,@iniedo
735,@m_galustyan
736,@miketyson
737,@roberto_firmino
738,@ververa
739,@advice
740,@pornhub
741,@diljitdosanjh
742,@casemiro
743,@marktuan
744,@leodias
745,@songkang_b
746,@tombrady
747,@jessicah_o
748,@jordialbaoficial
749,@manuelturizo
750,@joejonas
751,@sleepinthegardn
752,@txt_bighit
753,@ivanmartinez
754,@nashgrier
755,@acmilan
756,@lizzobeeating
757,@trippieredd
758,@kyo1122
759,@eumirellasantos
760,@gabyespino
761,@marcoasensio10
762,@aycomedian
763,@kajol
764,@marcinho11
765,@rizkybillar
766,@harrykane
767,@danirussotv
768,@portugal
769,@ninja
770,@lilly
771,@rickyharun
772,@nicki.nicole
773,@kayla_itsines
774,@didierdrogba
775,@titi_kamall
776,@zenetoecristiano
777,@elrodrigocontreras
778,@jordynwoods
779,@jenniferwinget1
780,@grisha_eric
781,@remodsouza
782,@paulwalker
783,@paulwesley
784,@hi_high_hiy
785,@najwakaram
786,@keerthysureshofficial
787,@wow_kimsohyun
788,@chelseaislan
789,@joaogomescantor
790,@sophiedee
791,@anastasiya_kvitko
792,@ayezakhan.ak
793,@mclomaofficial
794,@natashagraziano
795,@cathygonzaga
796,@jacobelordi
797,@nohastyleicon
798,@wasted
799,@humansofny
800,@klrahul
801,@awez_darbar
802,@ksi
803,@thecameronboyce
804,@soualinecampos
805,@alvaromorte
806,@theofficialai3
807,@regina.daniels
808,@jayshetty
809,@manuelneuer
810,@therealstanlee
811,@mohanshakti
812,@juicewrld999
813,@aislinnderbez
814,@egupta
815,@littlebodybigheart
816,@tohi
817,@urassayas
818,@heba_magdi
819,@gabimartins
820,@aytenamer
821,@easymoneysniper
822,@pabllovittar
823,@feliciathegoat
824,@huddy
825,@juanpa
826,@jennifer.garner
827,@wild.video
828,@mrsayudewi
829,@millardayo
830,@negodoborel
831,@arcangel
832,@carrieunderwood
833,@peterpsquare
834,@anjimaxuofficially
835,@kimshantal
836,@glennalinskie
837,@nita_shilimkar
838,@iamamyjackson
839,@ramezgalalac
840,@courteneycoxofficial
841,@hi_sseulgi
842,@arigameplays
843,@t22felton
844,@xuxameneghel
845,@marianrivera
846,@mterstegen1
847,@alissaviolet
848,@fuji_an
849,@ali_athab9
850,@cavs
851,@anamaria16
852,@fazeclan
853,@burnaboygram
854,@canelo
855,@adamsandler
856,@micheltelo
857,@vanessalopesr_
858,@karrueche
859,@deiveleonardo
860,@fifthharmony
861,@mont.pantoja
862,@sza
863,@baifernbah
864,@taehyung.bighitentertainment
865,@austinmahone
866,@rizkyfbian
867,@ab
868,@jadapinkettsmith
869,@troyesivan
870,@hamaki
871,@asmalmnawar
872,@dudeperfect
873,@mariapedraza_
874,@giovannachaves
875,@pablogavi
876,@daviddobrik
877,@equipedefrance
878,@itsjojosiwa
879,@bipashabasu
880,@21savage
881,@alessandraambrosio
882,@nadine
883,@michelleobama44
884,@yara
885,@marcanthony
886,@supercarblondie
887,@cabronazi
888,@amandaeliselee
889,@goar_avetisyan
890,@leaelui
891,@viking.barbie
892,@malutrevejo
893,@tamannaahspeaks
894,@mariahcarey
895,@lildurk
896,@samburskaya
897,@duki
898,@redvelvet.smtown
899,@armaanmalik
900,@jojotodynho
901,@adnaan_07dz
902,@chadwickboseman
903,@mohamedemam
904,@rebelwilson
905,@amyschumer
906,@celsoportiolli
907,@twhiddleston
908,@torylanez
909,@shehnaazgill
910,@kendricklamar
911,@wizkidayo
912,@albafloresoficial
913,@ginaindelicada
914,@brodashaggi
915,@juliabarretto
916,@wakeupandmakeup
917,@lizbethrodriguezoficial
918,@rasheeda
919,@nesreentafesh
920,@kanik4kapoor
921,@symplysimi
922,@fatimabernardes
923,@maiomar_
924,@tiamowry
925,@anyageraldine
926,@lalioficial
927,@banksy
928,@dr_kholodiii
929,@hztttao
930,@davidalaba
931,@qk20
932,@toyajohnson
933,@chomismaterialgirl
934,@francety
935,@who
936,@oharaingrid
937,@maiteperroni
938,@cp3
939,@lucas_xx444
940,@kodakblack
941,@mastercorbuzier
942,@patrice.evra
943,@muratboz
944,@__youngbae__
945,@nof.ad
946,@realmercyaigbe
947,@lanacondor
948,@willevy
949,@luisfonsi
950,@zarithebosslady
951,@flaviaalessandra
952,@ebi
953,@iamhearte
954,@lacikaysomers
955,@d_degeaofficial
956,@melissamccarthy
957,@kevinroldankr
958,@esmuellert
959,@ahickmann
960,@markiplier
961,@giannis_an34
962,@sebas
963,@jessicabiel
964,@rezende
965,@jaredleto
966,@shimaa_qasim
967,@thenameisyash
968,@manurios
969,@frenkiedejong
970,@maiaraemaraisa
971,@sashapieterse
972,@cazzu
973,@taisdeverdade
974,@mariabecerra
975,@melissamelmaia
976,@beberexha
977,@bighit_ent
978,@emirhanozhan
979,@keke
980,@graoficial
981,@haifawehbe
982,@theroyalfamily
983,@melodyoficial3
984,@anwar
985,@carles5puyol
986,@traceeellisross
987,@nouraridaofficial
988,@maya_hawke
989,@sahilkhan
990,@zareenkhan
991,@iam_the_stylish_princess
992,@jacobsartorius
993,@holyhaein
994,@cauareymond
995,@cyrineanour
996,@_jeongjaehyun
997,@thenikkibella
998,@monicadenise
999,@dqsalmaan